Name,Latitude,Longitude
Delhi,28.6139,77.2090
Mumbai,19.0760,72.8777
Bangalore,12.9716,77.5946
Chennai,13.0827,80.2707
Kolkata,22.5726,88.3639
Hyderabad,17.3850,78.4867
Pune,18.5204,73.8567
Ahmedabad,23.0225,72.5714
Jaipur,26.9124,75.7873
Lucknow,26.8467,80.9462
Dehradun,30.3165,78.0322
Haridwar,29.9457,78.1642
Rishikesh,30.0869,78.2676
Nainital,29.3919,79.4542
Mussoorie,30.4598,78.0648
Almora,29.5970,79.6591
Haldwani,29.2194,79.5286
Pithoragarh,29.5850,80.2180
Bageshwar,29.8382,79.7715
Rudraprayag,30.2933,78.9786
Uttarkashi,30.7289,78.4445
Chamoli,30.4205,79.3203
Pauri,30.1513,78.7772
Tehri,30.3833,78.4803
Kotdwar,29.7469,78.1303
Kashipur,29.2136,78.9569
Ramnagar,29.3974,79.1283
Joshimath,30.5555,79.5603
Kedarnath,30.7353,79.0669
Badrinath,30.7443,79.4932
Gangotri,30.9951,78.9391
Yamunotri,31.0129,78.4572 